{
  "name": "Streamlit Template image build and push",
  "image": "mcr.microsoft.com/devcontainers/python:1-3.11-bullseye",
  "customizations": {
    "vscode": {
      "settings": {},
      "extensions": [
        "ms-python.python",
        "ms-python.vscode-pylance"
      ]
    }
  },
  "updateContentCommand": "[ -f packages.txt ] && sudo apt update && sudo apt upgrade -y && sudo xargs apt install -y <packages.txt; [ -f requirements.txt ] && pip3 install --user -r requirements.txt; pip3 install --user streamlit; echo '✅ Packages installed and Requirements met'"
}